detector,seed,hours,events,automated,notify_only,types
d0,301,6.002777777777778,0,0,0,{}
d0,302,6.002777777777778,0,0,0,{}
d0,303,6.002777777777778,0,0,0,{}
d0,304,6.002777777777778,0,0,0,{}
d1,301,6.002777777777778,0,0,0,{}
d1,302,6.002777777777778,0,0,0,{}
d1,303,6.002777777777778,1,0,1,"{""unexplained"": 1}"
d1,304,6.002777777777778,1,0,1,"{""unexplained"": 1}"
d2,301,6.002777777777778,0,0,0,{}
d2,302,6.002777777777778,0,0,0,{}
d2,303,6.002777777777778,1,0,1,"{""unexplained"": 1}"
d2,304,6.002777777777778,0,0,0,{}
d1h,301,6.002777777777778,0,0,0,{}
d1h,302,6.002777777777778,0,0,0,{}
d1h,303,6.002777777777778,1,0,1,"{""unexplained"": 1}"
d1h,304,6.002777777777778,1,0,1,"{""unexplained"": 1}"
d2h,301,6.002777777777778,0,0,0,{}
d2h,302,6.002777777777778,0,0,0,{}
d2h,303,6.002777777777778,1,0,1,"{""unexplained"": 1}"
d2h,304,6.002777777777778,0,0,0,{}
