detector,fault,seed,detected,mttd_s,first_event,wrong_automated,notify_after,false_before_fault
d0,crah_fan_failure,11,True,30.0,crah_fan_failure:crah2,0,0,0
d0,crah_fan_failure,12,True,30.0,crah_fan_failure:crah2,0,0,0
d0,crah_fan_failure,13,True,30.0,crah_fan_failure:crah2,0,0,0
d0,crah_fan_failure,14,True,30.0,crah_fan_failure:crah2,0,0,0
d0,crah_fan_failure,15,True,30.0,crah_fan_failure:crah2,0,0,0
d0,sensor_stuck,11,False,,,0,0,0
d0,sensor_stuck,12,False,,,0,0,0
d0,sensor_stuck,13,False,,,0,0,0
d0,sensor_stuck,14,False,,,0,0,0
d0,sensor_stuck,15,False,,,0,0,0
d0,sensor_drift,11,True,820.0,sensor_drift:rack12,0,0,0
d0,sensor_drift,12,True,790.0,sensor_drift:rack12,0,0,0
d0,sensor_drift,13,True,780.0,sensor_drift:rack12,0,0,0
d0,sensor_drift,14,True,780.0,sensor_drift:rack12,0,0,0
d0,sensor_drift,15,True,780.0,sensor_drift:rack12,0,0,0
d0,pump_degradation,11,False,,,0,0,0
d0,pump_degradation,12,False,,,0,0,0
d0,pump_degradation,13,False,,,0,0,0
d0,pump_degradation,14,False,,,0,0,0
d0,pump_degradation,15,False,,,0,0,0
d0,chw_supply_drift,11,True,290.0,chw_supply_drift:chiller,0,19,0
d0,chw_supply_drift,12,True,280.0,chw_supply_drift:chiller,0,20,0
d0,chw_supply_drift,13,True,290.0,chw_supply_drift:chiller,0,26,0
d0,chw_supply_drift,14,True,280.0,chw_supply_drift:chiller,0,30,0
d0,chw_supply_drift,15,True,270.0,chw_supply_drift:chiller,0,24,0
d0,rack_hotspot,11,True,30.0,rack_hotspot:rack07,0,0,0
d0,rack_hotspot,12,True,30.0,rack_hotspot:rack07,0,0,0
d0,rack_hotspot,13,True,30.0,rack_hotspot:rack07,0,0,0
d0,rack_hotspot,14,True,30.0,rack_hotspot:rack07,0,0,0
d0,rack_hotspot,15,True,30.0,rack_hotspot:rack07,0,0,0
d0,ups_battery_overheat,11,True,900.0,ups_battery_overheat:ups1,0,0,0
d0,ups_battery_overheat,12,True,800.0,ups_battery_overheat:ups1,0,0,0
d0,ups_battery_overheat,13,True,770.0,ups_battery_overheat:ups1,0,0,0
d0,ups_battery_overheat,14,True,860.0,ups_battery_overheat:ups1,0,0,0
d0,ups_battery_overheat,15,True,790.0,ups_battery_overheat:ups1,0,0,0
d0,pdu_overload,11,True,40.0,pdu_overload:pdu3,0,0,0
d0,pdu_overload,12,True,40.0,pdu_overload:pdu3,0,0,0
d0,pdu_overload,13,True,30.0,pdu_overload:pdu3,0,0,0
d0,pdu_overload,14,True,30.0,pdu_overload:pdu3,0,0,0
d0,pdu_overload,15,True,40.0,pdu_overload:pdu3,0,0,0
d1,crah_fan_failure,11,True,30.0,crah_fan_failure:crah2,0,2,0
d1,crah_fan_failure,12,True,30.0,crah_fan_failure:crah2,0,2,0
d1,crah_fan_failure,13,True,30.0,crah_fan_failure:crah2,0,2,0
d1,crah_fan_failure,14,True,30.0,crah_fan_failure:crah2,0,2,0
d1,crah_fan_failure,15,True,30.0,crah_fan_failure:crah2,0,2,0
d1,sensor_stuck,11,True,2620.0,sensor_stuck:rack07,0,0,0
d1,sensor_stuck,12,False,,,0,0,0
d1,sensor_stuck,13,False,,,0,0,0
d1,sensor_stuck,14,False,,,0,0,0
d1,sensor_stuck,15,False,,,0,0,0
d1,sensor_drift,11,True,290.0,sensor_drift:rack12,0,0,0
d1,sensor_drift,12,True,440.0,sensor_drift:rack12,0,0,0
d1,sensor_drift,13,True,460.0,sensor_drift:rack12,0,0,0
d1,sensor_drift,14,True,620.0,sensor_drift:rack12,0,0,0
d1,sensor_drift,15,True,110.0,unexplained:rack12,0,2,0
d1,pump_degradation,11,True,460.0,pump_degradation:pump1,0,0,0
d1,pump_degradation,12,True,1400.0,pump_degradation:pump1,0,0,0
d1,pump_degradation,13,True,1530.0,pump_degradation:pump1,0,0,0
d1,pump_degradation,14,True,390.0,pump_degradation:pump1,0,0,0
d1,pump_degradation,15,True,1380.0,pump_degradation:pump1,0,0,0
d1,chw_supply_drift,11,True,140.0,chw_supply_drift:chiller,0,0,0
d1,chw_supply_drift,12,True,110.0,unexplained:chiller,0,1,0
d1,chw_supply_drift,13,True,130.0,chw_supply_drift:chiller,0,0,0
d1,chw_supply_drift,14,True,110.0,chw_supply_drift:chiller,0,0,0
d1,chw_supply_drift,15,True,160.0,chw_supply_drift:chiller,0,0,0
d1,rack_hotspot,11,True,2620.0,rack_hotspot:rack07,0,0,0
d1,rack_hotspot,12,True,3240.0,rack_hotspot:rack07,0,0,0
d1,rack_hotspot,13,False,,,0,0,0
d1,rack_hotspot,14,False,,,0,0,0
d1,rack_hotspot,15,False,,,0,0,0
d1,ups_battery_overheat,11,True,230.0,unexplained:ups1,0,1,0
d1,ups_battery_overheat,12,True,80.0,unexplained:ups1,0,1,0
d1,ups_battery_overheat,13,True,160.0,ups_battery_overheat:ups1,0,0,0
d1,ups_battery_overheat,14,True,90.0,ups_battery_overheat:ups1,0,0,0
d1,ups_battery_overheat,15,True,260.0,unexplained:ups1,0,1,0
d1,pdu_overload,11,False,,,0,0,0
d1,pdu_overload,12,False,,,0,0,0
d1,pdu_overload,13,False,,,0,0,0
d1,pdu_overload,14,False,,,0,0,0
d1,pdu_overload,15,False,,,0,0,0
d2,crah_fan_failure,11,True,30.0,crah_fan_failure:crah2,0,3,0
d2,crah_fan_failure,12,True,30.0,crah_fan_failure:crah2,0,3,0
d2,crah_fan_failure,13,True,30.0,crah_fan_failure:crah2,0,3,0
d2,crah_fan_failure,14,True,30.0,crah_fan_failure:crah2,0,3,0
d2,crah_fan_failure,15,True,30.0,crah_fan_failure:crah2,0,2,0
d2,sensor_stuck,11,False,,,0,0,0
d2,sensor_stuck,12,False,,,0,0,0
d2,sensor_stuck,13,False,,,0,0,0
d2,sensor_stuck,14,False,,,0,0,0
d2,sensor_stuck,15,False,,,0,0,0
d2,sensor_drift,11,True,120.0,unexplained:rack12,0,1,0
d2,sensor_drift,12,True,130.0,unexplained:rack12,0,1,0
d2,sensor_drift,13,True,110.0,unexplained:rack12,0,1,0
d2,sensor_drift,14,True,120.0,unexplained:rack12,0,1,0
d2,sensor_drift,15,True,110.0,unexplained:rack12,0,2,0
d2,pump_degradation,11,True,180.0,unexplained:pump1,0,50,0
d2,pump_degradation,12,True,180.0,unexplained:pump1,0,49,0
d2,pump_degradation,13,True,170.0,unexplained:pump1,0,54,0
d2,pump_degradation,14,True,170.0,unexplained:pump1,0,70,0
d2,pump_degradation,15,True,160.0,unexplained:pump1,0,64,0
d2,chw_supply_drift,11,True,90.0,unexplained:chiller,0,35,0
d2,chw_supply_drift,12,True,90.0,unexplained:chiller,0,40,0
d2,chw_supply_drift,13,True,90.0,chw_supply_drift:chiller,0,38,0
d2,chw_supply_drift,14,True,90.0,chw_supply_drift:chiller,0,58,0
d2,chw_supply_drift,15,True,80.0,chw_supply_drift:chiller,0,50,0
d2,rack_hotspot,11,True,30.0,rack_hotspot:rack07,0,0,0
d2,rack_hotspot,12,True,30.0,rack_hotspot:rack07,0,0,0
d2,rack_hotspot,13,True,30.0,rack_hotspot:rack07,0,0,0
d2,rack_hotspot,14,True,30.0,rack_hotspot:rack07,0,0,0
d2,rack_hotspot,15,True,30.0,rack_hotspot:rack07,0,0,0
d2,ups_battery_overheat,11,True,80.0,ups_battery_overheat:ups1,0,0,0
d2,ups_battery_overheat,12,True,80.0,ups_battery_overheat:ups1,0,0,0
d2,ups_battery_overheat,13,True,80.0,ups_battery_overheat:ups1,0,0,0
d2,ups_battery_overheat,14,True,80.0,ups_battery_overheat:ups1,0,0,0
d2,ups_battery_overheat,15,True,90.0,ups_battery_overheat:ups1,0,0,0
d2,pdu_overload,11,True,30.0,pdu_overload:pdu3,0,0,0
d2,pdu_overload,12,True,30.0,pdu_overload:pdu3,0,0,0
d2,pdu_overload,13,True,40.0,pdu_overload:pdu3,0,0,0
d2,pdu_overload,14,True,40.0,pdu_overload:pdu3,0,0,0
d2,pdu_overload,15,True,30.0,unexplained:crah3,0,1,0
d1h,crah_fan_failure,11,True,30.0,crah_fan_failure:crah2,0,0,0
d1h,crah_fan_failure,12,True,30.0,crah_fan_failure:crah2,0,0,0
d1h,crah_fan_failure,13,True,30.0,crah_fan_failure:crah2,0,0,0
d1h,crah_fan_failure,14,True,30.0,crah_fan_failure:crah2,0,0,0
d1h,crah_fan_failure,15,True,30.0,crah_fan_failure:crah2,0,0,0
d1h,sensor_stuck,11,True,70.0,sensor_stuck:rack07,0,0,0
d1h,sensor_stuck,12,True,70.0,sensor_stuck:rack07,0,0,0
d1h,sensor_stuck,13,True,70.0,sensor_stuck:rack07,0,0,0
d1h,sensor_stuck,14,True,70.0,sensor_stuck:rack07,0,0,0
d1h,sensor_stuck,15,True,70.0,sensor_stuck:rack07,0,0,0
d1h,sensor_drift,11,True,290.0,sensor_drift:rack12,0,0,0
d1h,sensor_drift,12,True,440.0,sensor_drift:rack12,0,0,0
d1h,sensor_drift,13,True,460.0,sensor_drift:rack12,0,0,0
d1h,sensor_drift,14,True,620.0,sensor_drift:rack12,0,0,0
d1h,sensor_drift,15,True,110.0,unexplained:rack12,0,2,0
d1h,pump_degradation,11,True,460.0,pump_degradation:pump1,0,0,0
d1h,pump_degradation,12,True,1400.0,pump_degradation:pump1,0,0,0
d1h,pump_degradation,13,True,1530.0,pump_degradation:pump1,0,0,0
d1h,pump_degradation,14,True,390.0,pump_degradation:pump1,0,0,0
d1h,pump_degradation,15,True,1380.0,pump_degradation:pump1,0,0,0
d1h,chw_supply_drift,11,True,140.0,chw_supply_drift:chiller,0,19,0
d1h,chw_supply_drift,12,True,110.0,unexplained:chiller,0,21,0
d1h,chw_supply_drift,13,True,130.0,chw_supply_drift:chiller,0,26,0
d1h,chw_supply_drift,14,True,110.0,chw_supply_drift:chiller,0,30,0
d1h,chw_supply_drift,15,True,160.0,chw_supply_drift:chiller,0,24,0
d1h,rack_hotspot,11,True,30.0,rack_hotspot:rack07,0,0,0
d1h,rack_hotspot,12,True,30.0,rack_hotspot:rack07,0,0,0
d1h,rack_hotspot,13,True,30.0,rack_hotspot:rack07,0,0,0
d1h,rack_hotspot,14,True,30.0,rack_hotspot:rack07,0,0,0
d1h,rack_hotspot,15,True,30.0,rack_hotspot:rack07,0,0,0
d1h,ups_battery_overheat,11,True,230.0,unexplained:ups1,0,1,0
d1h,ups_battery_overheat,12,True,80.0,unexplained:ups1,0,1,0
d1h,ups_battery_overheat,13,True,160.0,ups_battery_overheat:ups1,0,0,0
d1h,ups_battery_overheat,14,True,90.0,ups_battery_overheat:ups1,0,0,0
d1h,ups_battery_overheat,15,True,260.0,unexplained:ups1,0,1,0
d1h,pdu_overload,11,True,40.0,pdu_overload:pdu3,0,0,0
d1h,pdu_overload,12,True,40.0,pdu_overload:pdu3,0,0,0
d1h,pdu_overload,13,True,30.0,pdu_overload:pdu3,0,0,0
d1h,pdu_overload,14,True,30.0,pdu_overload:pdu3,0,0,0
d1h,pdu_overload,15,True,40.0,pdu_overload:pdu3,0,0,0
d2h,crah_fan_failure,11,True,30.0,crah_fan_failure:crah2,0,3,0
d2h,crah_fan_failure,12,True,30.0,crah_fan_failure:crah2,0,3,0
d2h,crah_fan_failure,13,True,30.0,crah_fan_failure:crah2,0,3,0
d2h,crah_fan_failure,14,True,30.0,crah_fan_failure:crah2,0,3,0
d2h,crah_fan_failure,15,True,30.0,crah_fan_failure:crah2,0,2,0
d2h,sensor_stuck,11,True,70.0,sensor_stuck:rack07,0,0,0
d2h,sensor_stuck,12,True,70.0,sensor_stuck:rack07,0,0,0
d2h,sensor_stuck,13,True,70.0,sensor_stuck:rack07,0,0,0
d2h,sensor_stuck,14,True,70.0,sensor_stuck:rack07,0,0,0
d2h,sensor_stuck,15,True,70.0,sensor_stuck:rack07,0,0,0
d2h,sensor_drift,11,True,120.0,unexplained:rack12,0,1,0
d2h,sensor_drift,12,True,130.0,unexplained:rack12,0,1,0
d2h,sensor_drift,13,True,110.0,unexplained:rack12,0,1,0
d2h,sensor_drift,14,True,120.0,unexplained:rack12,0,1,0
d2h,sensor_drift,15,True,110.0,unexplained:rack12,0,2,0
d2h,pump_degradation,11,True,180.0,unexplained:pump1,0,50,0
d2h,pump_degradation,12,True,180.0,unexplained:pump1,0,49,0
d2h,pump_degradation,13,True,170.0,unexplained:pump1,0,54,0
d2h,pump_degradation,14,True,170.0,unexplained:pump1,0,70,0
d2h,pump_degradation,15,True,160.0,unexplained:pump1,0,64,0
d2h,chw_supply_drift,11,True,90.0,unexplained:chiller,0,35,0
d2h,chw_supply_drift,12,True,90.0,unexplained:chiller,0,40,0
d2h,chw_supply_drift,13,True,90.0,chw_supply_drift:chiller,0,38,0
d2h,chw_supply_drift,14,True,90.0,chw_supply_drift:chiller,0,58,0
d2h,chw_supply_drift,15,True,80.0,chw_supply_drift:chiller,0,50,0
d2h,rack_hotspot,11,True,30.0,rack_hotspot:rack07,0,0,0
d2h,rack_hotspot,12,True,30.0,rack_hotspot:rack07,0,0,0
d2h,rack_hotspot,13,True,30.0,rack_hotspot:rack07,0,0,0
d2h,rack_hotspot,14,True,30.0,rack_hotspot:rack07,0,0,0
d2h,rack_hotspot,15,True,30.0,rack_hotspot:rack07,0,0,0
d2h,ups_battery_overheat,11,True,80.0,ups_battery_overheat:ups1,0,0,0
d2h,ups_battery_overheat,12,True,80.0,ups_battery_overheat:ups1,0,0,0
d2h,ups_battery_overheat,13,True,80.0,ups_battery_overheat:ups1,0,0,0
d2h,ups_battery_overheat,14,True,80.0,ups_battery_overheat:ups1,0,0,0
d2h,ups_battery_overheat,15,True,90.0,ups_battery_overheat:ups1,0,0,0
d2h,pdu_overload,11,True,30.0,pdu_overload:pdu3,0,0,0
d2h,pdu_overload,12,True,30.0,pdu_overload:pdu3,0,0,0
d2h,pdu_overload,13,True,30.0,pdu_overload:pdu3,0,0,0
d2h,pdu_overload,14,True,30.0,pdu_overload:pdu3,0,0,0
d2h,pdu_overload,15,True,30.0,unexplained:crah3,0,1,0
