detector,confirm,f1,far_pct,mar_pct
d0,1,0.759835460394473,44.11604714415231,15.386422363166549
d1,1,0.4980466687783761,13.182230281051677,63.064756088011904
d2,1,0.7689856957087126,55.86582048957389,7.391746926630647
d1h,1,0.7629851156715135,47.34360834088849,13.099992169759611
d2h,1,0.7659355502669325,58.15956482320943,6.757497455171873
d0,3,0.7447622517762797,40.38077969174977,19.974943230757184
d1,3,0.3418482344102179,4.270172257479601,78.62344373972282
d2,3,0.7746403835908363,51.03354487760653,8.918643802364732
d1h,3,0.751086058952357,41.90389845874887,18.095685537546004
d2h,3,0.773427449945575,52.783318223028104,8.19826168663378
