fault,seed,status,detect_s,verified_s,correlated,human_alerts,other_incidents,commands
crah_fan_failure,11,mitigated,30.0,180.0,3,1,0,6
crah_fan_failure,12,mitigated,30.0,180.0,4,1,0,6
crah_fan_failure,13,mitigated,30.0,180.0,3,1,0,6
crah_fan_failure,14,mitigated,30.0,180.0,2,1,0,6
crah_fan_failure,15,mitigated,30.0,180.0,5,1,0,6
sensor_stuck,11,mitigated,70.0,80.0,0,1,0,1
sensor_stuck,12,mitigated,70.0,80.0,0,1,0,1
sensor_stuck,13,mitigated,70.0,80.0,0,1,0,1
sensor_stuck,14,mitigated,60.0,70.0,0,1,0,1
sensor_stuck,15,mitigated,70.0,80.0,0,1,0,1
sensor_drift,11,mitigated,140.0,150.0,1,2,0,1
sensor_drift,12,mitigated,120.0,130.0,1,2,0,1
sensor_drift,13,mitigated,140.0,150.0,1,2,0,1
sensor_drift,14,mitigated,130.0,140.0,1,2,0,1
sensor_drift,15,mitigated,130.0,140.0,1,2,0,1
pump_degradation,11,mitigated,150.0,210.0,27,2,0,2
pump_degradation,12,mitigated,150.0,210.0,28,2,0,2
pump_degradation,13,mitigated,190.0,250.0,28,2,0,2
pump_degradation,14,mitigated,180.0,240.0,26,2,0,2
pump_degradation,15,mitigated,190.0,250.0,26,2,0,2
chw_supply_drift,11,mitigated,90.0,120.0,25,3,1,1
chw_supply_drift,12,mitigated,90.0,120.0,28,2,0,1
chw_supply_drift,13,mitigated,100.0,130.0,28,2,0,1
chw_supply_drift,14,mitigated,80.0,110.0,28,1,0,1
chw_supply_drift,15,mitigated,100.0,130.0,28,2,0,1
rack_hotspot,11,mitigated,30.0,70.0,4,1,0,1
rack_hotspot,12,mitigated,30.0,70.0,3,1,0,1
rack_hotspot,13,mitigated,30.0,70.0,3,1,0,1
rack_hotspot,14,mitigated,30.0,70.0,3,1,0,1
rack_hotspot,15,mitigated,30.0,70.0,3,1,0,1
ups_battery_overheat,11,mitigated,80.0,230.0,2,2,0,1
ups_battery_overheat,12,mitigated,90.0,240.0,2,3,0,1
ups_battery_overheat,13,mitigated,90.0,240.0,2,3,0,1
ups_battery_overheat,14,mitigated,90.0,240.0,2,3,0,1
ups_battery_overheat,15,mitigated,80.0,230.0,2,2,0,1
pdu_overload,11,mitigated,30.0,180.0,1,2,0,1
pdu_overload,12,mitigated,30.0,180.0,1,2,0,1
pdu_overload,13,mitigated,30.0,180.0,2,2,0,1
pdu_overload,14,mitigated,30.0,180.0,1,2,0,1
pdu_overload,15,mitigated,30.0,180.0,1,3,1,1
